[
  { "date": "2026-01-26", "title": "Republic Day", "type": "holiday", "region": "India" },
  { "date": "2026-03-04", "title": "Holi", "type": "holiday", "region": "India" },
  { "date": "2026-03-21", "title": "Id-ul-Fitr", "type": "holiday", "region": "India" },
  { "date": "2026-03-26", "title": "Ram Navami", "type": "holiday", "region": "India" },
  { "date": "2026-03-31", "title": "Mahavir Jayanti", "type": "holiday", "region": "India" },
  { "date": "2026-04-03", "title": "Good Friday", "type": "holiday", "region": "India" },
  { "date": "2026-05-01", "title": "Buddha Purnima", "type": "holiday", "region": "India" },
  { "date": "2026-05-27", "title": "Id-ul-Zuha (Bakrid)", "type": "holiday", "region": "India" },
  { "date": "2026-06-26", "title": "Muharram", "type": "holiday", "region": "India" },
  { "date": "2026-08-15", "title": "Independence Day", "type": "holiday", "region": "India" },
  { "date": "2026-08-26", "title": "Milad-un-Nabi / Id-e-Milad", "type": "holiday", "region": "India" },
  { "date": "2026-09-04", "title": "Janmashtami (Vaishnava)", "type": "holiday", "region": "India" },
  { "date": "2026-10-02", "title": "Gandhi Jayanti", "type": "holiday", "region": "India" },
  { "date": "2026-10-20", "title": "Dussehra", "type": "holiday", "region": "India" },
  { "date": "2026-11-08", "title": "Diwali (Deepavali)", "type": "holiday", "region": "India" },
  { "date": "2026-11-24", "title": "Guru Nanak Jayanti", "type": "holiday", "region": "India" },
  { "date": "2026-12-25", "title": "Christmas Day", "type": "holiday", "region": "India" }
]
